기관분류,기관명,접근성,링크,재생목록,채널,설명,가입일,최근 업로드,기준,업로드 기간,동영상 개수,평균 조회수,조회수,구독자
미술관,국립현대미술관,2,1,16,0,1,2013-05-14,2021-07-10,2021-07-14,4,883,11900,6538000,19700
미술관,서울시립미술관,2,1,12,2,1,2012-07-02,2021-06-30,2021-07-14,14,390,383,252700,3500
미술관,부산시립미술관,2,1,9,0,1,2015-07-24,2021-07-09,2021-07-14,5,168,167,76600,비공개
미술관,부산현대미술관,2,0,6,1,1,2018-07-19,2021-05-07,2021-07-14,68,97,453,33300,457
미술관,대구문화예술회관 미술관,2,0,0,0,1,2020-07-14,2021-05-14,2021-07-14,61,26,44,1168,13
미술관,대구미술관,2,1,12,0,1,2017-05-25,2021-07-12,2021-07-14,2,279,453,196900,1680
미술관,인천광역시 송암미술관,0,-,-,-,-,-,-,-,-,-,-,-,-
미술관,광주시립미술관,2,1,9,0,1,2019-03-27,2021-07-13,2021-07-14,1,108,330,36600,396
미술관,대전시립미술관,1,0,11,0,1,2020-03-30,2021-07-08,2021-07-14,6,145,78,23000,308
미술관,경기도미술관,0,-,-,-,-,-,-,-,-,-,-,-,-
미술관,수원시립미술관,2,1,7,0,1,2015-09-22,2021-07-01,2021-07-14,13,239,66,71100,비공개
미술관,양주시립장욱진미술관,1,1,3,0,1,2020-03-26,2021-07-01,2021-07-14,13,21,581,10100,133
미술관,오산시립미술관,0,-,-,-,-,-,-,-,-,-,-,-,-
미술관,이천시립월전미술관,2,1,4,0,0,2020-04-20,2021-07-12,2021-07-14,2,29,260,7540,96
미술관,강릉시립미술관,1,0,0,0,1,2020-10-20,2020-10-22,2021-07-14,265,4,107,431,7
미술관,청주시립미술관,2,1,3,1,1,2020-04-14,2021-07-02,2021-07-14,12,28,882,24700,108
미술관,청주시립미술관 분관(대청호미술관),2,0,0,0,1,2018-04-20,2021-06-03,2021-07-14,41,38,0,1740,37
미술관,천안시립미술관,0,-,-,-,-,-,-,-,-,-,-,-,-
미술관,남원시립김병종미술관,0,-,-,-,-,-,-,-,-,-,-,-,-
미술관,전북도립미술관,1,0,3,1,1,2020-04-01,2021-07-09,2021-07-14,5,48,199,9668,164
미술관,정읍시립미술관,0,-,-,-,-,-,-,-,-,-,-,-,-
미술관,김천시립미술관,0,-,-,-,-,-,-,-,-,-,-,-,-
미술관,포항시립미술관,2,1,5,0,1,2019-08-23,2021-05-31,2021-07-14,44,27,187,4966,139
미술관,경남도립미술관,2,1,7,0,1,2020-04-16,2021-05-05,2021-07-14,70,76,105,18000,183
미술관,진주시립이성자미술관,2,1,0,0,1,2020-09-02,2021-07-14,2021-07-14,0,20,252,5041,136
미술관,창원시립마산문신미술관,0,-,-,-,-,-,-,-,-,-,-,-,-
미술관,"서귀포시 공립미술관(이중섭미술관, 기당미술관, 소암전시관)",1,1,0,0,1,2020-11-19,2021-06-25,2021-07-14,19,22,0,2988,30
미술관,제주도립미술관,1,1,0,0,0,2019-02-08,2021-04-23,2021-07-14,82,18,40,725,18
미술관,겸재정선미술관,2,0,1,2,1,2020-05-13,2021-06-30,2021-07-16,16,35,491,19600,319
미술관,제주현대미술관,0,-,-,-,-,-,-,-,-,-,-,-,-
박물관,국립해양박물관,2,1,10,0,0,2015-05-21,2021-07-14,2021-07-16,2,112,100,51900,비공개
박물관,국립일제강제동원역사관,1,0,0,0,0,2017-06-22,2021-03-24,2021-07-16,114,6,443,2661,43
박물관,국립중앙박물관,2,1,12,0,1,2013-01-15,2021-07-14,2021-07-14,0,746,4374,1937500,비공개
박물관,국립김해박물관,2,1,20,0,1,2016-01-04,2021-07-12,2021-07-14,2,178,170,81200,1890
박물관,국립경주박물관,2,1,16,0,1,2017-10-12,2021-07-12,2021-07-14,2,141,1968,222100,2010
박물관,국립한글박물관,2,1,5,2,1,2014-09-12,2021-07-13,2021-07-14,1,153,1184,811400,7440
박물관,국립고궁박물관,2,1,27,1,1,2015-03-09,2021-06-17,2021-07-14,27,216,759,1790200,9650
박물관,국립부여박물관,2,1,20,0,1,2014-07-18,2021-07-06,2021-07-14,8,231,1112,360700,비공개
박물관,국립공주박물관,1,1,2,0,0,2018-12-04,2021-07-14,2021-07-14,0,95,432,33400,349
박물관,국립춘천박물관,1,1,3,0,0,2019-05-02,2021-06-11,2021-07-14,33,33,14200,428200,406
박물관,국립항공박물관,2,1,9,1,1,2020-03-25,2021-07-05,2021-07-14,9,75,801,46000,683
박물관,국립청주박물관,2,1,9,1,1,2016-05-23,2021-06-29,2021-07-14,15,64,366,52100,1130
박물관,국립제주박물관,2,1,8,0,0,2014-08-07,2021-07-09,2021-07-14,5,171,38,46300,430
박물관,국립대구박물관,2,1,9,0,0,2019-12-12,2021-06-29,2021-07-14,15,75,539,37100,716
박물관,국립민속박물관,2,1,11,1,1,2013-06-23,2021-07-13,2021-07-14,1,258,260,315600,2070
박물관,국립광주박물관,2,1,9,1,0,2016-01-27,2021-07-01,2021-07-14,13,100,333,44900,비공개
박물관,국립전주박물관,2,0,5,1,0,2018-07-16,2021-07-13,2021-07-14,1,138,383,35700,330
박물관,국립익산박물관,1,1,0,0,0,2016-05-02,2021-06-11,2021-07-14,33,17,516,8856,106
박물관,국립진주박물관,2,0,6,0,0,2015-01-06,2021-07-02,2021-07-14,12,57,33200,1605600,9380
박물관,국립국악원박물관,0,-,-,-,-,-,-,-,-,-,-,-,-
박물관,서울상상나라,2,1,11,0,1,2014-02-21,2021-07-10,2021-07-14,4,298,106,97800,비공개
박물관,서울역사박물관,2,0,5,0,1,2018-07-05,2021-07-13,2021-07-14,1,233,157,558300,1870
박물관,부산박물관,1,0,0,0,0,2020-03-23,2021-06-14,2021-07-14,30,13,556,7221,88
박물관,복천박물관,2,0,0,0,1,2020-04-06,2020-11-03,2021-07-14,253,10,228,2286,46
박물관,부산근대역사관,0,-,-,-,-,-,-,-,-,-,-,-,-
박물관,임시수도기념관,0,-,-,-,-,-,-,-,-,-,-,-,-
박물관,정관박물관,1,1,4,2,1,2020-04-07,2021-04-17,2021-07-14,88,32,391,12500,205
박물관,부산시민공원역사관,0,-,-,-,-,-,-,-,-,-,-,-,-
박물관,동삼동패총전시관,0,-,-,-,-,-,-,-,-,-,-,-,-
박물관,부산영화체험박물관,2,0,0,0,0,2017-05-12,2020-01-08,2021-07-14,553,12,19500,293100,39
박물관,인천광역시 시립박물관,1,0,2,0,0,2020-04-21,2021-04-10,2021-07-14,95,35,104,5040,76
박물관,한국이민사박물관,1,0,0,0,0,2020-07-31,2021-05-30,2021-07-15,46,12,285,3420,36
박물관,검단선사 박물관,1,0,0,0,0,2020-11-06,2021-02-17,2021-07-15,148,4,310,1240,39
박물관,인천도시역사관,1,0,3,0,1,2020-07-09,2020-11-02,2021-07-15,255,4,318,1271,44
박물관,광주역사민속박물관,2,1,2,1,1,2020-09-14,2021-07-06,2021-07-15,9,15,247,3701,99
박물관,광주김치박물관,0,-,-,-,-,-,-,-,-,-,-,-,-
박물관,대전시립박물관,0,-,-,-,-,-,-,-,-,-,-,-,-
박물관,대전선사박물관,0,-,-,-,-,-,-,-,-,-,-,-,-
박물관,울산박물관,1,0,0,0,0,2020-04-10,2021-07-06,2021-07-15,9,34,126,5403,200
박물관,울산대곡박물관,0,-,-,-,-,-,-,-,-,-,-,-,-
박물관,울산암각화박물관,1,0,1,0,0,2021-04-15,2021-05-24,2021-07-15,52,3,310,930,18
박물관,약사동제방유적전시관,0,-,-,-,-,-,-,-,-,-,-,-,-
박물관,세종시립민속박물관,0,-,-,-,-,-,-,-,-,-,-,-,-
박물관,고양어린이박물관,1,1,6,0,1,2017-06-01,2021-07-14,2021-07-15,1,46,161,43800,2390
박물관,과천시 추사박물관,0,-,-,-,-,-,-,-,-,-,-,-,-
박물관,남양주시립박물관,1,0,0,0,0,2014-06-10,2017-05-29,2021-07-15,1508,2,70,176,0
박물관,부천시립박물관,0,-,-,-,-,-,-,-,-,-,-,-,-
박물관,부천펄벅기념관,0,-,-,-,-,-,-,-,-,-,-,-,-
박물관,부천활박물관,1,0,0,0,0,2020-09-06,2020-10-13,2021-07-15,275,7,83,582,10
박물관,수원박물관,0,-,-,-,-,-,-,-,-,-,-,-,-
박물관,안성맞춤박물관,0,-,-,-,-,-,-,-,-,-,-,-,-
박물관,양주시립회암사지박물관,2,1,6,0,1,2020-04-08,2021-07-12,2021-07-15,3,44,91,5906,135
박물관,여주박물관,1,1,0,1,1,2020-05-28,2021-07-14,2021-07-15,1,74,4690,189400,487
박물관,여주시립폰박물관,0,-,-,-,-,-,-,-,-,-,-,-,-
박물관,용인시박물관,1,0,0,0,1,2020-06-22,2021-05-21,2021-07-15,55,8,270,2165,44
박물관,이천시립박물관,0,-,-,-,-,-,-,-,-,-,-,-,-
박물관,오죽헌/시립 박물관,0,-,-,-,-,-,-,-,-,-,-,-,-
박물관,대관령박물관,0,-,-,-,-,-,-,-,-,-,-,-,-
박물관,삼척시립박물관,0,-,-,-,-,-,-,-,-,-,-,-,-
박물관,속초시립박물관,1,0,0,0,0,2020-09-08,없음,2021-07-15,-,0,0,0,28
박물관,석장리박물관,1,0,0,0,1,2020-06-16,2021-07-05,2021-07-15,10,8,425,3394,28
박물관,천안박물관,0,-,-,-,-,-,-,-,-,-,-,-,-
박물관,군산근대역사박물관,1,0,0,0,1,2020-10-19,2021-07-05,2021-07-15,10,15,51,763,6
박물관,전주역사박물관,1,1,0,2,1,2020-06-12,2021-05-05,2021-07-15,71,2,266,532,53
박물관,정읍시립박물관,0,-,-,-,-,-,2021-07-06,2021-07-15,9,-,-,-,-
박물관,목포문학관,1,1,8,0,1,2020-10-21,2021-07-06,2021-07-15,9,42,71,4143,113
박물관,목포자연사박물관,1,0,0,0,0,2020-11-30,2020-12-17,2021-07-15,210,3,315,947,47
박물관,순천시립뿌리깊은나무박물관,0,-,-,-,-,-,-,-,-,-,-,-,-
박물관,경산시립박물관,0,-,-,-,-,-,-,-,-,-,-,-,-
박물관,구미시립민속관,0,-,-,-,-,-,-,-,-,-,-,-,-
박물관,상주박물관,0,-,-,-,-,-,-,-,-,-,-,-,-
박물관,안동민속박물관,0,-,-,-,-,-,-,-,-,-,-,-,-
박물관,밀양시립박물관,0,-,-,-,-,-,-,-,-,-,-,-,-
박물관,양산시립박물관,0,-,-,-,-,-,-,-,-,-,-,-,-
박물관,창원시립마산박물관,1,0,0,0,0,2020-04-22,2020-05-14,2021-07-15,427,2,392,982,10
박물관,창원시립진해박물관,0,-,-,-,-,-,-,-,-,-,-,-,-
박물관,통영시립박물관,0,-,-,-,-,-,-,-,-,-,-,-,-
박물관,제주특별자치도 민속자연사박물관,2,1,5,0,1,2020-10-07,2021-07-09,2021-07-15,6,21,89,1879,28
박물관,사상생활사박물관,1,0,0,0,0,2020-10-29,2020-11-26,2021-07-16,232,1,20,41,15
박물관,울주민속박물관,0,-,-,-,-,-,-,-,-,-,-,-,-
중앙산하기관,(재)예술경영지원센터,1,0,15,0,1,2016-05-18,2021-07-08,2021-07-15,7,363,843,322700,2740
중앙산하기관,게임물관리위원회,2,0,4,0,1,2016-12-08,2021-01-12,2021-07-15,184,30,16900,466100,495
중앙산하기관,국립박물관문화재단,0,-,-,-,-,-,-,-,-,-,-,-,-
중앙산하기관,국제방송교류재단,1,1,2,2,1,2021-02-22,2021-05-07,2021-07-15,69,3,102,305,비공개
중앙산하기관,아시아문화원,0,-,-,-,-,-,-,-,-,-,-,-,-
중앙산하기관,영상물등급위원회,1,0,0,1,1,2014-07-15,2020-12-16,2021-07-15,211,23,14600,337000,214
중앙산하기관,영화진흥위원회,1,0,15,0,1,2019-03-04,2021-06-29,2021-07-15,16,204,16900,2004800,4500
중앙산하기관,재단법인 국악방송,2,1,35,2,1,2011-10-10,2021-07-14,2021-07-15,1,3087,360,16339100,32800
중앙산하기관,한국공예디자인문화진흥원,2,1,8,2,1,2011-03-08,2021-07-09,2021-07-15,6,249,110,121900,742
중앙산하기관,한국관광공사,1,1,13,2,1,2019-10-04,2021-07-09,2021-07-15,6,147,13600,6763700,30800
중앙산하기관,한국문학번역원,2,1,12,0,1,2011-05-04,2021-07-14,2021-07-15,1,1296,418,1149500,12700
중앙산하기관,한국문화관광연구원-문화산업연구센터,1,0,0,0,1,2020-10-31,없음,2021-07-15,-,1,0,312,31
중앙산하기관,한국문화예술교육진흥원,2,1,22,0,1,2018-04-23,2021-06-30,2021-07-15,15,912,652,1215300,7670
중앙산하기관,한국문화예술위원회,1,1,62,2,1,2014-04-01,2021-07-12,2021-07-15,3,941,119,1553200,7060
중앙산하기관,한국문화재재단,2,1,20,2,1,2018-05-10,2021-07-15,2021-07-15,0,429,311,1344500,6200
중앙산하기관,한국문화정보원,2,1,18,2,1,2011-03-10,2021-07-15,2021-07-15,0,2386,73,12715000,23400
중앙산하기관,한국문화진흥주식회사,0,-,-,-,-,-,-,-,-,-,-,-,-
중앙산하기관,한국영상자료원,2,1,4,2,1,2012-02-01,2021-07-09,2021-07-15,6,343,637,521600,12800
중앙산하기관,한국예술인복지재단,2,0,9,0,0,2013-11-11,2021-06-09,2021-07-15,36,37,12200,377300,972
중앙산하기관,한국저작권보호원,1,0,7,0,1,2018-08-29,2021-06-10,2021-07-15,35,96,405,115300,1450
중앙산하기관,한국저작권위원회,2,1,14,0,1,2014-04-28,2021-05-05,2021-07-15,71,666,171,11802200,6080
중앙산하기관,한국출판문화산업진흥원,1,0,12,0,1,2013-11-06,2021-07-06,2021-07-15,9,231,217,87900,1870
중앙산하기관,한국콘텐츠진흥원,2,1,30,1,1,2010-10-02,2021-07-13,2021-07-15,2,928,16800,57666800,52200
중앙산하기관,해외문화홍보원,2,1,47,2,1,2009-10-27,2021-07-15,2021-07-15,0,1483,6508,108000000,149000
지역문화재단,서울문화재단,2,1,10,1,1,2013-05-15,2021-07-14,2021-07-15,1,2453,404,1558400,7470
지역문화재단,부산문화재단,2,1,13,1,1,2018-03-19,2021-07-13,2021-07-15,2,428,145,90800,1160
지역문화재단,대구문화재단,2,0,12,0,1,2009-11-03,2021-06-28,2021-07-15,17,304,212,57400,391
지역문화재단,인천문화재단,2,0,7,0,1,2015-07-07,2021-06-21,2021-07-15,24,210,184,30600,482
지역문화재단,광주문화재단,2,1,39,0,1,2013-06-20,2021-07-13,2021-07-15,2,469,274,176600,1680
지역문화재단,대전문화재단,1,1,13,1,1,2013-02-17,2021-06-29,2021-07-15,16,381,227,110700,비공개
지역문화재단,울산문화재단,2,0,8,1,1,2020-02-17,2021-07-14,2021-07-15,1,184,6,23000,401
지역문화재단,세종시문화재단,1,0,11,0,1,2017-05-25,2021-07-09,2021-07-15,6,360,152,50300,643
지역문화재단,경기문화재단,2,1,41,1,1,2011-09-15,2021-07-12,2021-07-15,3,1412,193,4226800,9300
지역문화재단,강원문화재단,2,1,7,0,1,2013-10-11,2021-07-09,2021-07-15,6,322,1715,140300,2340
지역문화재단,충북문화재단,2,0,21,0,0,2020-03-16,2021-06-03,2021-07-15,42,273,234,44300,640
지역문화재단,충남문화재단,2,0,4,0,0,2020-11-26,2021-06-22,2021-07-15,23,39,269,11300,214
지역문화재단,전남문화관광재단,2,0,7,1,1,2016-02-24,2021-07-08,2021-07-15,7,340,54,49500,390
지역문화재단,전북문화관광재단,2,1,5,0,1,2018-01-17,2021-07-06,2021-07-15,9,339,96,36200,744
지역문화재단,경남문화예술진흥원,2,1,9,1,1,2019-02-14,2021-06-30,2021-07-15,15,121,244,41500,735
지역문화재단,제주문화예술재단,1,1,9,0,1,2020-11-05,2021-06-03,2021-07-15,42,122,40,9128,183
지역문화재단,경북문화재단,1,0,0,1,0,2020-03-06,2021-04-19,2021-07-15,87,29,141,4813,158
지역문화재단,중구문화재단,2,1,6,2,1,2020-04-23,2021-07-15,2021-07-15,0,59,207,11000,153
지역문화재단,구로문화재단,1,0,6,0,1,2012-06-05,2021-07-09,2021-07-15,6,44,354,18900,661
지역문화재단,마포문화재단,2,1,9,0,1,2020-06-05,2021-07-12,2021-07-15,3,93,291,66600,2300
지역문화재단,강남문화재단,2,1,12,0,0,2020-06-10,2021-07-12,2021-07-15,3,182,54,39400,849
지역문화재단,성북문화재단,1,1,12,0,0,2013-12-17,2021-07-15,2021-07-15,0,378,213,130500,1100
지역문화재단,영등포문화재단,1,1,20,0,1,2020-02-02,2021-07-14,2021-07-15,1,281,139,50100,1480
지역문화재단,종로문화재단,2,1,22,0,1,2019-02-11,2021-07-05,2021-07-15,10,314,135,229500,1330
지역문화재단,서초문화재단,2,1,24,2,1,2017-04-12,2021-07-07,2021-07-15,8,168,1387,150100,1420
지역문화재단,성동문화재단,2,0,8,1,0,2017-08-04,2021-06-28,2021-07-15,17,111,130,31900,1140
지역문화재단,광진문화재단,2,1,11,2,1,2020-02-06,2021-07-05,2021-07-15,10,52,163,9794,161
지역문화재단,강북문화재단,2,0,7,0,0,2018-05-30,2021-07-07,2021-07-15,8,41,449,27900,342
지역문화재단,도봉문화재단,2,1,18,0,1,2017-11-24,2021-07-04,2021-07-15,11,279,222,51500,비공개
지역문화재단,은평문화재단,1,1,7,0,0,2020-02-14,2021-06-17,2021-07-15,28,70,351,23700,831
지역문화재단,금천문화재단,1,1,10,0,1,2019-08-26,2021-07-13,2021-07-15,2,153,187,44900,550
지역문화재단,동대문문화재단,2,1,6,0,0,2020-06-26,2021-07-14,2021-07-15,1,44,75,3644,58
지역문화재단,동작문화재단,2,0,15,0,1,2019-02-08,2021-07-13,2021-07-15,2,132,18,34900,488
지역문화재단,노원문화재단,2,0,9,1,0,2019-09-24,2021-06-14,2021-07-15,31,132,396,62300,508
지역문화재단,관악문화재단,2,1,28,0,1,2020-04-17,2021-07-14,2021-07-15,1,280,309,123200,1310
지역문화재단,양천문화재단,2,1,13,1,1,2019-08-02,2021-07-01,2021-07-15,14,95,114,22600,439
지역문화재단,송파문화재단,0,-,-,-,-,-,-,-,-,-,-,-,-
지역문화재단,강동문화재단,1,1,6,0,0,2020-06-23,2021-06-17,2021-07-15,28,58,60,13900,246
지역문화재단,부천문화재단,2,1,13,0,1,2017-10-17,2021-07-12,2021-07-15,3,130,236,90100,2520
지역문화재단,고양문화재단,2,0,9,1,1,2009-11-30,2021-07-14,2021-07-15,1,219,92,231800,1080
지역문화재단,성남문화재단,2,1,6,0,1,2013-09-09,2021-07-06,2021-07-15,9,392,1879,11436,4490
지역문화재단,하남문화재단,1,1,6,0,1,2018-02-08,2021-07-13,2021-07-15,2,321,166,222900,2270
지역문화재단,화성시문화재단,2,1,11,2,1,2017-04-05,2021-07-09,2021-07-15,6,418,1388,420300,2380
지역문화재단,안양문화예술재단,2,1,12,1,1,2015-09-16,2021-07-05,2021-07-15,10,224,279,576900,비공개
지역문화재단,용인문화재단,2,0,0,1,1,2016-11-14,2021-06-11,2021-07-15,34,83,263,89500,812
지역문화재단,수원문화재단,2,0,18,2,1,2012-07-18,2021-07-14,2021-07-15,1,271,181,332700,2050
지역문화재단,오산문화재단,1,0,0,0,0,2013-12-04,2017-06-02,2021-07-15,1504,14,444,7791,10
지역문화재단,안산문화재단,2,1,11,2,1,2018-07-17,2021-07-12,2021-07-15,3,143,117,95700,248
지역문화재단,군포문화재단,1,0,10,0,0,2018-10-08,2021-07-08,2021-07-15,7,108,183,31900,712
지역문화재단,김포문화재단,2,1,11,1,1,2016-04-29,2021-07-14,2021-07-15,1,261,103,82800,733
지역문화재단,광명문화재단,2,0,14,0,0,2020-03-02,2021-06-29,2021-07-15,16,160,910,76200,650
지역문화재단,여주세종문화재단,2,0,9,1,0,2019-01-10,2021-04-29,2021-07-15,77,93,191,31400,460
지역문화재단,의정부문화재단,2,1,8,0,0,2020-03-25,2021-07-13,2021-07-15,2,91,257,30800,627
지역문화재단,부평구문화재단,1,1,9,2,0,2015-04-24,2021-06-30,2021-07-15,15,146,89,50700,470
지역문화재단,인천서구문화재단,2,1,7,2,1,2019-10-28,2021-07-10,2021-07-15,5,265,206,45900,845
지역문화재단,연수문화재단,2,1,10,1,0,2020-05-27,2021-07-07,2021-07-15,8,69,177,12000,253
지역문화재단,(대구 중구)도심재생문화재단,2,1,3,1,1,2020-05-12,2021-07-14,2021-07-15,1,26,56,1473,비공개
지역문화재단,수성문화재단,1,0,5,2,1,2020-06-04,2021-07-07,2021-07-15,8,38,183,8282,96
지역문화재단,달성문화재단,1,0,0,0,0,2018-05-29,2021-01-07,2021-07-15,189,16,139,3284,34
지역문화재단,대구동구문화재단,0,-,-,-,-,-,-,-,-,-,-,-,-
지역문화재단,달서문화재단,1,0,0,0,1,2020-05-18,2021-05-22,2021-07-15,54,29,172,5136,89
지역문화재단,행복북구문화재단,2,1,7,0,1,2018-11-08,2021-07-01,2021-07-15,14,65,161,32900,비공개
지역문화재단,금정문화재단,1,0,28,0,1,2016-07-11,2021-07-09,2021-07-15,6,239,63,18800,108
지역문화재단,부산진문화재단,2,1,4,0,1,2020-11-11,2021-03-31,2021-07-15,106,29,711,20600,117
지역문화재단,고래문화재단,2,0,6,0,1,2019-02-31,2021-07-01,2021-07-15,14,60,273,17800,159
지역문화재단,안동축제관광재단,0,-,-,-,-,-,-,-,-,-,-,-,-
지역문화재단,경주문화재단,2,1,7,0,1,2016-06-17,2021-05-05,2021-07-15,71,187,326,34200,456
지역문화재단,청송문화관광재단,1,1,0,0,1,2020-12-10,2021-02-08,2021-07-15,157,9,319,2871,38
지역문화재단,청도우리정신문화재단,1,1,1,1,1,2019-09-05,2020-03-18,2021-07-15,484,79,47,5201,10
지역문화재단,영양축제관광재단,2,1,4,1,1,2010-05-14,2021-05-04,2021-07-15,72,56,4691,418000,2520
지역문화재단,영주문화관광재단,1,1,4,1,1,2018-01-17,2021-06-15,2021-07-15,30,50,504,21700,1010
지역문화재단,포항문화재단,1,0,8,0,0,2017-01-17,2021-07-07,2021-07-15,8,78,362,23600,299
지역문화재단,거제시문화예술재단,1,1,5,0,1,2020-05-22,2021-07-09,2021-07-15,6,24,185,4436,56
지역문화재단,김해문화재단,1,0,15,1,0,2020-08-13,2021-07-12,2021-07-15,3,101,2223,89800,1210
지역문화재단,창원문화재단,2,1,5,0,1,2017-08-30,2021-07-05,2021-07-15,10,52,203,9931,143
지역문화재단,사천문화재단,1,0,0,0,0,2016-06-11,2021-05-27,2021-07-15,49,35,1031,31900,343
지역문화재단,밀양문화재단,1,0,8,0,1,2018-02-02,2021-07-02,2021-07-15,13,45,480,17100,511
지역문화재단,거창문화재단,0,-,-,-,-,-,-,-,-,-,-,-,-
지역문화재단,전주문화재단,1,1,4,1,0,2011-12-16,2020-12-10,2021-07-15,217,96,220,22600,190
지역문화재단,익산문화관광재단,2,0,1,0,0,2019-09-20,2021-07-01,2021-07-15,14,56,10,19100,274
지역문화재단,완주문화재단,2,1,12,0,1,2017-08-04,2021-06-23,2021-07-15,22,106,82,13600,120
지역문화재단,고창문화관광재단,2,1,7,0,1,2020-07-24,2021-05-31,2021-07-15,45,33,123,3977,90
지역문화재단,영암문화재단,0,-,-,-,-,-,-,-,-,-,-,-,-
지역문화재단,목포문화재단,2,0,6,0,0,2017-06-05,2021-06-03,2021-07-15,42,58,159,8155,224
지역문화재단,담양군문화재단,0,-,-,-,-,-,-,-,-,-,-,-,-
지역문화재단,강진군문화관광재단,1,0,0,0,0,2021-06-07,2021-06-07,2021-07-15,38,3,30,91,194
지역문화재단,순천문화재단,1,0,2,0,1,2020-04-29,2020-12-30,2021-07-15,197,184,261,196000,753
지역문화재단,강릉문화재단,2,0,0,0,1,2017-08-24,2020-11-25,2021-07-15,232,18,174,3030,30
지역문화재단,정선아리랑문화재단,1,1,1,0,1,2018-05-23,2021-01-07,2021-07-15,189,84,814,51600,378
지역문화재단,춘천문화재단,2,1,8,1,0,2013-01-28,2021-07-14,2021-07-15,1,157,145,71800,975
지역문화재단,인제군문화재단,1,1,7,1,1,2018-11-11,2021-07-12,2021-07-15,3,76,139,1016700,394
지역문화재단,원주문화재단,1,1,11,2,1,2020-04-13,2021-07-14,2021-07-15,1,107,295,40700,636
지역문화재단,평창군문화예술재단,2,0,7,0,0,2014-12-10,2021-04-13,2021-07-15,93,73,152,26800,262
지역문화재단,영월문화재단,2,0,1,1,1,2017-03-22,2021-07-01,2021-07-15,14,78,23,136100,260
지역문화재단,홍천문화재단,1,0,2,0,1,2020-12-16,2021-07-13,2021-07-15,2,25,125,5032,96
지역문화재단,횡성문화재단,2,1,4,0,1,2020-08-18,2020-12-17,2021-07-15,210,30,1900,75700,2720
지역문화재단,태백시문화재단,0,-,-,-,-,-,-,-,-,-,-,-,-
지역문화재단,청주시문화산업진흥재단,2,0,0,1,1,2018-08-03,2021-04-05,2021-07-15,101,44,118,5781,비공개
지역문화재단,충주중원문화재단,2,0,16,0,1,2018-11-21,2021-07-14,2021-07-15,1,152,371,87100,1340
지역문화재단,영동축제관광재단,0,-,-,-,-,-,-,-,-,-,-,-,-
지역문화재단,제천문화재단,2,0,1,1,1,2019-08-30,2021-07-08,2021-07-15,7,125,678,72000,791
지역문화재단,아산문화재단,2,0,3,0,0,2019-09-02,2021-03-12,2021-07-15,125,39,503,34100,806
지역문화재단,천안문화재단,1,0,0,0,0,2014-09-10,2020-12-18,2021-07-15,209,41,404,28300,151
지역문화재단,당진문화재단,2,1,11,0,1,2018-01-25,2021-07-15,2021-07-15,0,183,232,52200,622
지역문화재단,울주문화재단,2,1,3,0,1,2020-11-02,2021-07-07,2021-07-15,8,20,278,5566,118
지역문화재단,통영국제음악재단,1,0,4,0,0,2011-05-09,2021-07-13,2021-07-15,2,178,420,195500,2250
지역문화재단,속초문화재단,2,1,9,0,1,2020-03-31,2021-06-15,2021-07-16,31,59,94,6532,112
지역문화재단,과천문화재단,2,0,0,0,0,2021-04-16,없음,2021-07-16,-,0,0,1995,16
지역문화재단,광주시문화재단,1,0,5,0,0,2019-07-23,2021-02-26,2021-07-16,140,28,211,6286,203
지역문화재단,구리문화재단,1,1,5,0,1,2020-09-17,2021-07-15,2021-07-16,1,9,154,3401,78
지역문화재단,평택문화재단,0,-,-,-,-,-,-,-,-,-,-,-,-
지역문화재단,군위문화관광재단,1,0,5,0,1,2021-01-06,2021-06-30,2021-07-16,16,23,29,681,5
지역문화재단,봉화축제관광재단,0,-,-,-,-,-,-,-,-,-,-,-,-
지역문화재단,영덕문화관광재단,2,0,0,0,0,2020-12-14,2021-04-07,2021-07-16,100,2,93,186,39
지역문화재단,통영한산대첩문화재단,2,0,8,0,1,2019-05-07,2021-06-23,2021-07-16,23,17,161,2906,39
지역문화재단,공주문화재단,2,0,3,0,1,2020-12-10,2021-07-08,2021-07-16,8,10,121,1214,39
지역문화재단,예천문화관광재단,1,0,0,0,1,2021-07-13,2021-07-16,2021-07-16,0,1,4,0,0
공연장,국립극장,2,0,9,0,1,2012-02-07,2021-07-14,2021-07-14,0,584,2600,3499300,17300
공연장,국립국악원,2,1,59,0,1,2010-07-30,2021-07-14,2021-07-14,0,2877,6153,18409600,39600
공연장,국립아시아문화전당,2,1,13,0,1,2011-09-26,2021-07-13,2021-07-14,1,663,226,1603200,5350
공연장,예술의전당,2,1,8,2,1,2019-08-10,2021-07-13,2021-07-14,1,83,1339,202200,6340
공연장,국립정동극장,2,1,15,0,1,2014-05-14,2021-07-12,2021-07-14,2,291,582,563800,4380
공연장,세종문화회관,2,1,9,0,1,2011-03-04,2021-07-13,2021-07-15,2,138,1577,444800,7490
공연장,부산문화회관,2,1,13,2,1,2016-11-04,2021-07-09,2021-07-15,6,138,129,64200,1500
공연장,영화의전당,2,1,16,1,0,2012-02-24,2021-07-13,2021-07-15,2,539,35,168900,비공개
공연장,금정문화회관,1,0,0,0,0,2015-09-17,2017-02-17,2021-07-15,1609,1,24,60,0
공연장,동래문화회관,1,0,0,1,1,2012-07-06,2020-11-29,2021-07-15,228,14,714,9997,149
공연장,부산광역시학생예술문화회관,1,0,0,0,0,2020-11-28,2021-06-23,2021-07-15,22,5,191,1966,145
공연장,영도문화예술회관,1,0,0,0,0,2020-05-20,2020-10-27,2021-07-15,261,7,557,3896,71
공연장,을숙도문화회관,2,0,0,1,0,2020-07-27,2021-07-12,2021-07-15,3,59,109,29000,139
공연장,해운대문화회관,1,0,8,0,0,2020-09-29,2021-02-26,2021-07-15,139,37,288,12900,131
공연장,부산예술회관,0,-,-,-,-,-,-,-,-,-,-,-,-
공연장,울산 중구문화의전당,0,-,-,-,-,-,-,-,-,-,-,-,-
공연장,울산광역시학생교육문화회관,1,0,12,0,0,2020-06-12,2021-07-13,2021-07-15,2,89,190,22600,215
공연장,울산문화예술회관,2,0,12,1,0,2011-03-12,2021-07-07,2021-07-15,8,197,7154,802800,930
공연장,울산북구문화예술회관,2,1,3,0,1,2019-05-22,2020-11-17,2021-07-15,240,22,808,21400,411
공연장,계양문화회관,0,-,-,-,-,-,-,-,-,-,-,-,-
공연장,경상남도문화예술회관,2,0,1,0,0,2016-08-09,2021-06-23,2021-07-15,22,61,108,12900,522
공연장,양산문화예술회관,0,-,-,-,-,-,-,-,-,-,-,-,-
공연장,의령군민문화회관,0,-,-,-,-,-,-,-,-,-,-,-,-
공연장,창녕문화예술회관,1,0,0,0,1,2020-11-27,2020-12-14,2021-07-15,213,4,28,2843,49
공연장,통영시민문화회관,0,-,-,-,-,-,-,-,-,-,-,-,-
공연장,함안문화예술회관,0,-,-,-,-,-,-,-,-,-,-,-,-
공연장,함양문화예술회관,1,0,4,0,0,2020-04-17,2020-12-13,2021-07-15,214,23,448,10600,146
공연장,용산아트홀,0,-,-,-,-,-,-,-,-,-,-,-,-
공연장,남동소래아트홀,2,1,3,0,1,2016-06-02,2021-07-16,2021-07-23,7,48,93,3189,228
공연장,아트센터인천,2,1,5,0,1,2018-10-31,2021-06-04,2021-07-23,49,64,1416,91300,비공개
공연장,인천중구문화회관,0,-,-,-,-,-,-,-,-,-,-,-,-
공연장,인천광역시교육청학생교육문화회관,2,0,9,0,1,2020-05-06,2021-07-05,2021-07-23,18,42,800,40900,757
공연장,인천광역시 문화예술회관,2,1,3,0,1,2020-04-10,2021-07-07,2021-07-23,16,93,126,66700,913
공연장,경기아트센터,2,1,18,0,1,2011-04-18,2021-07-21,2021-07-23,2,760,3346,2724200,13600
공연장,안성맞춤아트홀,1,0,0,0,1,2017-11-15,2021-01-29,2021-07-23,175,23,1242,28500,350
공연장,포천반월아트홀,0,-,-,-,-,-,-,-,-,-,-,-,-
공연장,강릉아트센터,1,0,0,1,0,2020-04-07,2020-11-30,2021-07-23,235,8,2821,22500,524
공연장,화강문화센터,0,-,-,-,-,-,-,-,-,-,-,-,-
공연장,백운아트홀,0,-,-,-,-,-,-,-,-,-,-,-,-
공연장,관저문예회관,2,1,5,2,1,2020-06-16,2021-04-28,2021-07-23,86,17,918,15600,204
공연장,대전시립연정국악원,2,1,10,2,1,2019-11-01,2021-05-27,2021-07-23,57,89,373,59100,540
공연장,대전예술의전당,2,0,0,1,1,2019-07-04,2021-06-11,2021-07-23,42,215,147,187900,2290
공연장,옥천문화예술회관,0,-,-,-,-,-,-,-,-,-,-,-,-
공연장,음성문화예술회관,0,-,-,-,-,-,-,-,-,-,-,-,-
공연장,충청북도교육문화원,2,0,6,2,0,2020-10-22,2021-06-04,2021-07-23,49,37,2753,86400,344
공연장,계룡문화예술의전당,1,0,0,0,0,2021-03-26,2021-05-06,2021-07-24,79,2,0,2393,197
공연장,금산다락원,0,-,-,-,-,-,-,-,-,-,-,-,-
공연장,보령문화예술회관,0,-,-,-,-,-,-,-,-,-,-,-,-
공연장,충청남도교육청학생교육문화원,0,-,-,-,-,-,-,-,-,-,-,-,-
공연장,홍주문화회관,1,0,0,0,0,2020-11-23,2020-11-23,2021-07-23,242,7,9,65,2
공연장,대구오페라하우스,2,1,0,0,1,2019-12-04,2021-07-01,2021-07-23,22,66,1752,3170600,26000
공연장,대구서구문화회관,2,0,0,0,1,2019-05-03,2021-07-15,2021-07-23,8,6,0,590,160
공연장,대구콘서트하우스,2,0,11,0,1,2016-10-14,2021-07-22,2021-07-23,1,214,283,459000,3670
공연장,대덕문화전당,0,-,-,-,-,-,-,-,-,-,-,-,-
공연장,봉산문화회관,1,0,7,0,0,2020-04-29,2021-07-19,2021-07-23,4,31,433,13100,130
공연장,경산시민회관,1,0,0,0,0,2020-09-16,2021-05-27,2021-07-23,57,3,7029,21000,1270
공연장,구미시문화예술회관,0,-,-,-,-,-,-,-,-,-,-,-,-
공연장,상주문화회관,0,-,-,-,-,-,-,-,-,-,-,-,-
공연장,안동문화예술의전당,2,0,10,1,1,2020-04-14,2021-07-08,2021-07-23,15,151,53,57000,817
공연장,영주문화예술회관,0,-,-,-,-,-,-,-,-,-,-,-,-
공연장,영천시민회관,2,0,2,0,1,2020-09-04,2021-01-07,2021-07-23,197,46,0,6554,376
공연장,광주문화예술회관,2,1,6,1,1,2017-05-22,2021-07-22,2021-07-23,1,342,549,327900,3200
공연장,군산예술의전당,0,-,-,-,-,-,-,-,-,-,-,-,-
공연장,익산예술의전당,0,-,-,-,-,-,-,-,-,-,-,-,-
공연장,한국소리문화의전당,1,1,6,0,1,2018-01-20,2021-04-06,2021-07-23,108,181,691,89100,비공개
공연장,목포문화예술회관,0,-,-,-,-,-,-,-,-,-,-,-,-
공연장,장흥문화예술회관,0,-,-,-,-,-,-,-,-,-,-,-,-
공연장,해남문화예술회관,1,1,6,0,0,2020-08-26,2021-07-14,2021-07-23,9,50,162,8298,97
공연장,서귀포예술의전당,0,-,-,-,-,-,-,-,-,-,-,-,-
공연장,제주아트센터,0,-,-,-,-,-,-,-,-,-,-,-,-
